id,title,synopsis,format,episode_count,episode_duration,status,start_date,end_date,season,season_year,studio_id,created_at
1,Another,"When Kouichi Sakakibara transfers to a new school, he senses a frightening atmosphere in his new class, a secret none of them will talk about. At the center is the beautiful Mei Misaki. Kouichi is immediately drawn to her mysterious aura, but he begins to realize that no one else in the class is aware of her presence. Soon after his arrival, what is known as the Calamity begins, and it claims the lives of many students.(Source: Sentai Filmworks)",TV,12,24,Finished,2012-01-10,2012-03-27,Winter,2012,19,2023-12-30
2,Aoyama Goushou Tanpenshuu,"GOSHO collection reveals the origin of the smash hit “Detective Conan.”
“GO” into his world, and we will “SHO” you SEVEN romantic and exciting stories created by GOSHO AOYAMA.\nWAIT FOR ME (30 min.)\nA genius inventor, who is still a high school student, has a girlfriend two years older than him. One day, he invents a time machine and attempts to go two years back into the past, to become the same age as her.\nHowever, it is she who ultimately uses the machine to travel through time!\nTEN PLANETS IN THE NIGHT SKY (10 min.)\nMeet Baby Conan!\nYukiko Kudo is looking for her missing husband. The only clue to find him again is to decipher a mysterious message left for her. Their baby, Shinichi Kudo, one who later becomes the famous high school Detective Conan, will at this age already be offering some important hints for her.\nTHE WANDERING RED BUTTERFLY (7 min.)\nA handsome detective, Yusaku Kitakata, receives phone calls from a mysterious woman day after day, with a new case each day. He of course solves them one by one. But the biggest mystery is who is this mysterious woman?\nPLAY IT AGAIN (30 min.)\nThanks to the mystical powers of a Cherry Blossom Tree, a 70-year-old man with a secret sword technique goes back into the past and becomes the same age as his granddaughter. While enjoying his youth for the second time around, he notices that a player is after his granddaughter.\nSANTA CLAUS IN SUMMER (30 min.)\nKeisuke, a young man of 17, accidentally activates the Earth Destruction System. The destiny of the Earth now depends on whether he can stop the system within 24 hours. However, suddenly amnesia strikes him and he forgets the pin number to stop the system. The time is running out...\nDETECTIVE GEORGE’S SPECIAL CASE (30 min.)\nA girl is fleeing from men in black. She runs into a detective agency and discovers that the detective there is a super-miniature-size, cool dude. He risks his life trying to solve a case for this client. Will they come through in the end?\nMAKING OF DETECTIVE CONAN (7 min.)\nDo you know how to make animation?\nEverybody wants to see the workings of an animation studio.\nBased on the concept of Detective Conan, the three sub-characters visit the animation studio of Detective Conan. This episode will surely catch the hearts of Detective Conan fans!\n[The actual animation is also involved in this special.]\n(Source: TMS Entertainment, LTD)",Special,7,20,Finished,1999-03-17,1999-12-22,Spring,1999,1,2024-01-30
3,Asobi Asobase,"Olivia is a blonde-haired beauty who was born and raised in Japan, but can’t speak any English. Despite always acting serious and as an intellectual, Kasumi is a bespectacled girl with short hair, who also can’t speak English. Finally, there’s the pig-tailed Hanako, who’s cheerful but can’t seem to become a normie. The three middle schoolers end up making a “Players’ Club”?! The ultimately cute, ultimately fun and hilarious teenage girls’ comedy is about to begin!(Source: Crunchyroll)",TV,12,24,Finished,2018-07-08,2018-09-23,Summer,2018,22,2023-12-30
4,Assassination Classroom,"The students of class 3-E have a mission: kill their teacher before graduation. He has already destroyed the moon, and has promised to destroy the Earth if he can not be killed within a year. But how can this class of misfits kill a tentacled monster, capable of reaching Mach 20 speed, who may be the best teacher any of them have ever had?",TV,22,23,Finished,2015-01-10,2015-06-20,Winter,2015,22,2023-12-30
5,Assassination Classroom 2,"The second season of Ansatsu Kyoushitsu.

The students return as school is back in session for the second semester. Following their exploits on the island during summer vacation, Class 3-E continues to sharpen their blades with their sights set on their teacher, the slippery Koro-sensei. They have more to worry about than just their teacher, however, as enemy assassins, both old and new, are out for the increased bounty on the octopus' head.

Moreover, their rivals in Class A, as well as Kunugigaoka Junior High's fearsome principal, stand to block Class E from achieving academic excellence. With all of these obstacles opposing them, the group must continue to work together in order to overcome their foes and accomplish their goal of successfully assassinating their teacher.",TV,25,23,Finished,2016-01-08,2016-07-01,Winter,2016,22,2023-12-30
6,Attack on Titan,"Several hundred years ago, humans were nearly exterminated by titans. Titans are typically several stories tall, seem to have no intelligence, devour human beings and, worst of all, seem to do it for the pleasure rather than as a food source. A small percentage of humanity survived by walling themselves in a city protected by extremely high walls, even taller than the biggest of titans.

Flash forward to the present and the city has not seen a titan in over 100 years. Teenage boy Eren and his foster sister Mikasa witness something horrific as the city walls are destroyed by a colossal titan that appears out of thin air. As the smaller titans flood the city, the two kids watch in horror as their mother is eaten alive. Eren vows that he will murder every single titan and take revenge for all of mankind.

(Source: MangaHelpers)",TV,25,24,Finished,2013-04-07,2013-09-28,Spring,2013,25,2023-12-30
7,Attack on Titan Final Season,"It’s been four years since the Scout Regiment reached the shoreline, and the world looks different now. Things are heating up as the fate of the Scout Regiment—and the people of Paradis—are determined at last. However, Eren is missing. Will he reappear before age-old tensions between Marleyans and Eldians result in the war of all wars?(Source: Crunchyroll)",TV,16,24,Finished,2020-12-07,2021-03-29,Winter,2020,23,2023-12-30
8,Attack on Titan Final Season Part 2,"The war for Paradis zeroes in on Shiganshina just as Jaegerists have seized control. After taking a huge blow from a surprise attack led by Eren, Marley swiftly acts to return the favor. With Zeke’s true plan revealed and a military forced under new rule, this battle might be fought on two fronts. Does Eren intend on fulfilling his half-brother’s wishes or does he have a plan of his own?(Source: Funimation)",TV,12,24,Finished,2022-01-10,2022-04-04,Winter,2022,23,2023-12-30
9,Attack on Titan Final Season THE FINAL CHAPTERS Special 1,"The fate of the world hangs in the balance as Eren unleashes the ultimate power of the Titans. With a burning determination to eliminate all who threaten Eldia, he leads an unstoppable army of Colossal Titans towards Marley. Now a motley crew of his former comrades and enemies scramble to halt his deadly mission, the only question is, can they stop him?(Source: Crunchyroll)",Special,1,61,Finished,2023-03-04,2023-03-04,Winter,2023,23,2023-12-30
10,Attack on Titan Final Season THE FINAL CHAPTERS Special 2,"Eren, as the Founding Titan, advances on Fort Salta with countless other Titans. Appearing before the refugees, who stand on the brink of despair, are Mikasa, Armin, Jean, Conny, Reiner, Pieck, and Levi, who narrowly escaped from the rumbling. The battle between former comrades and childhood friends with Eren concludes here.\n(Source: Crunchyroll)",Special,1,85,Finished,2023-11-05,2023-11-05,Fall,2023,23,2023-12-30
11,Attack on Titan Season 2,"Eren Jaeger swore to wipe out every last Titan, but in a battle for his life he wound up becoming the thing he hates most. With his new powers, he fights for humanity's freedom facing the monsters that threaten his home. After a bittersweet victory against the Female Titan, Eren finds no time to rest—a horde of Titans is approaching Wall Rose and the battle for humanity continues!

(Source: Funimation)",TV,12,25,Finished,2017-04-01,2017-06-17,Spring,2017,25,2023-12-30
12,Attack on Titan Season 3,"Eren and his companions in the 104th are assigned to the newly-formed Levi Squad, whose assignment is to keep Eren and Historia safe given Eren's newly-discovered power and Historia's knowledge and pedigree. Levi and Erwin have good reason to be concerned, because the priest of the Church that Hanji had hidden away was found tortured to death, making it clear that the Military Police are involved with the cover-up. Things get more harrowing when the MPs make a move on Erwin and the Levi Squad narrowly avoids capture. Eren is also having problems with his Titan transformation, and a deadly killer has been hired to secure Eren and Historia, one Levi knows all too well from his youth.(Source: Anime News Network)",TV,12,24,Finished,2018-07-23,2018-10-15,Summer,2018,25,2023-12-30
13,Attack on Titan Season 3 Part 2,"The battle to retake Wall Maria begins now! With Eren’s new hardening ability, the Scouts are confident they can seal the wall and take back Shiganshina District. If they succeed, Eren can finally unlock the secrets of the basement—and the world. But danger lies in wait as Reiner, Bertholdt, and the Beast Titan have plans of their own. Could this be humanity’s final battle for survival?(Source: Funimation)",TV,10,24,Finished,2019-04-29,2019-07-01,Spring,2019,25,2023-12-30
14,Baki,"The protagonist, Baki Hanma, trains with an intense focus to become strong enough to surpass his father, Yujiro Hanma, the strongest fighter in the world. Five of the world's most violent and brutal death row inmates are gathering to face Baki. Their objective is to taste defeat -- their unmatched strength and skill have led them to grow bored of life itself, and they now seek out Baki in the hopes that he can overwhelm and utterly crush them. In this crisis, other underground martial art warriors gather to fight by Baki's side: Kaoru Hanayama, Gouki Shibukawa, Retsu Kaioh, and Doppo Orochi. An epic showdown between violent death row inmates and Baki and his friends begins!(Source: Netflix)",ONA,26,24,Finished,2018-06-25,2018-12-17,Summer,2018,1,2023-12-30
15,Bakugan Battle Brawlers,"The Bakugan battle brawlers began when two young boys by the name of Dan and Shun made the rules to a mysterious game played with bakupearls, gate cards and ability cards. No one would ever have guessed what was going to happen next as Dan and his new internet friends battle their way to the bitter end.",TV,52,24,Finished,2007-04-05,2008-03-27,Spring,2007,1,2024-01-30
16,Bakugan: New Vestroia,"The story follow Dan, Marucho and Drago as they join forces with the Bakugan Resistance in order to restore peace and freedom to their enslaved planet. The newly formed group of friends must battle the evil Vestal to free the captured Bakugan and destroy the Vestal’s plans for domination.(Source: animationmagazine.net)",TV,52,24,Finished,2009-04-12,2010-05-09,Spring,2009,1,2024-01-30
17,Black Clover,"In a world where magic is everything, Asta and Yuno are both found abandoned at a church on the same day. While Yuno is gifted with exceptional magical powers, Asta is the only one in this world without any. At the age of fifteen, both receive grimoires, magic books that amplify their holder’s magic. Asta’s is a rare Grimoire of Anti-Magic that negates and repels his opponent’s spells. Being opposite but good rivals, Yuno and Asta are ready for the hardest of challenges to achieve their common dream: to be the Wizard King. Giving up is never an option!(Source: Crunchyroll)",TV,170,24,Finished,2017-10-03,2021-03-30,Fall,2017,27,2023-12-30
18,Black Clover: Sword of the Wizard King,"As a lionhearted boy who can’t wield magic strives for the title of Wizard King, four banished Wizard Kings of yore return to crush the Clover Kingdom.(Source: Netflix)",Movie,1,113,Finished,2023-06-16,2023-06-16,Spring,2023,27,2023-12-30
19,Bleach,"Ichigo Kurosaki is a rather normal high school student apart from the fact he has the ability to see ghosts. This ability never impacted his life in a major way until the day he encounters the Shinigami Kuchiki Rukia, who saves him and his family's lives from a Hollow, a corrupt spirit that devours human souls.

Wounded during the fight against the Hollow, Rukia chooses the only option available to defeat the monster and passes her Shinigami powers to Ichigo. Now forced to act as a substitute until Rukia recovers, Ichigo hunts down the Hollows that plague his town.",TV,366,24,Finished,2004-10-05,2012-04-27,Fall,2004,27,2023-12-30
20,Blue Lock,"Japan's desire for World Cup glory leads the Japanese Football Association to launch a new rigorous training program to find the national team's next striker. Three hundred high school players are pitted against each other for the position, but only one will come out on top. Who among them will be the striker to usher in a new era of Japanese soccer? (Source: Crunchyroll)",TV,24,25,Finished,2022-10-09,2023-03-26,Fall,2022,,2023-12-23
21,Boruto: Jump Festa 2016 Special,The special anime adaptation of Boruto will be screening at Shueisha’s by-invitation anime event Jump Special Anime Festa 2016!,Special,1,12,Finished,2016-11-27,2016-11-27,Fall,2016,27,2023-12-30
22,Boruto: Naruto Next Generations,"Naruto was a young shinobi with an incorrigible knack for mischief. He achieved his dream to become the greatest ninja in the village and his face sits atop the Hokage monument. But this is not his story... A new generation of ninja are ready to take the stage, led by Naruto's own son, Boruto!(Source: VIZ Media)",TV,293,24,Finished,2017-04-05,2023-03-26,Spring,2017,27,2023-12-30
23,Boruto: Naruto the Movie,"Boruto is the son of Naruto who completely rejects his father. Behind this, he has feelings of wanting to surpass Naruto, who is respected as a hero. He ends up meeting his father's friend Sasuke, and requests to become... his apprentice!? The curtain rises on the story of the new generation written by Masashi Kishimoto!(Source: Anime News Network)",Movie,1,95,Finished,2015-08-07,2015-08-07,Summer,2015,27,2023-12-30
24,Boruto: Naruto the Movie - The Day Naruto Became Hokage,Bundled with the perfect limited edition DVD/BD Boruto: Naruto the Movie,Special,1,10,Finished,2016-07-06,2016-07-06,Summer,2016,27,2023-12-30
25,Buddy Daddies,"Assassins Kazuki Kurusu and Rei Suwa meet Miri, a girl looking for her father on Christmas Day. Kazuki, Rei, and Miri unexpectedly end up living together.\nFollows Kazuki Kurusu, a criminal contractor/coordinator who lives with his best friend, Rei Suwa, a professional assassin who has been raised from childhood to be a contract killer. Kazuki is outgoing and loves gambling and women, while Rei is a man of few words who spends his off time playing video games. One day, the two buddies end up caring for Miri Unasaka, a four year old girl whose father is a mafia boss, after Miri accidentally wanders into a firefight in a hotel while looking for her father.",TV,12,24,Finished,2023-01-07,2023-04-01,Winter,2023,19,2023-12-30
26,Case Closed,"Kudo Shinichi is a seventeen year-old high school detective whom people call the ""Modern Sherlock Holmes."" However, one night after a date with his childhood sweetheart, Ran, Shinichi witnessed an illegal trade and, caught off his guard, was knocked unconscious and fed a drug that was supposed to kill him... but he woke up and found himself shrunken to a seven year-old. In order to track down the men who did this to him, Shinichi hid his identity and lived with Ran, whose father happened to be a hopeless detective, and with that came a series of murders and mysteries that he must solve.
 
 (Source: Anime News Network)",TV,1110,25,Releasing,1996-01-08,,Winter,1996,1,2023-12-23
27,Case Closed Magic File 2: Kudou Shinichi - The Case of the Mysterious Wall and the Black Lab,"Magic File 2 was sold at select retailers (7-11 branded equivalents) in Japan, along with PPV episodes of the show (episodes released long before, such as the NY case). The first disc housed the Movie 12 Side-Story OVA, which features Kudou Shinichi and details a bit of the backstory from the upcoming movie. The second disc was the one with the PPV episodes.",OVA,1,28,Finished,2008-04-19,2008-04-19,Spring,2008,1,2024-01-30
28,Case Closed Magic File 3: Shinichi and Ran - Memories of Mahjong Tiles and Tanabata,Another Shinichi and Ran pre-story.,OVA,1,20,Finished,2009-04-18,2009-04-18,Spring,2009,1,2024-01-30
29,Case Closed: 16 Suspects,"The whole gang gets invited to Inspecter Shiratori's villa, where he keeps his wine collection, to celebrate the completion of it.",OVA,1,25,Finished,2002-01-30,2002-01-30,Winter,2002,1,2024-01-30
30,Case Closed: A Challenge from Agasa! Agasa vs. Conan and the Detective Boys,Professor Agasa is kidnapped and the Detective Boys must use clues found at his house and in various parts of the city in order to find him.,OVA,1,24,Finished,2007-03-13,2007-03-13,Spring,2007,1,2024-01-30
31,Case Closed: Black Iron Submarine,"This time's location is set in the sea near the Hachijo-jima island, Tokyo. Engineers from around the world have gathered for the full-scale operation of ""Pacific Buoy,"" an offshore facility to connect security cameras owned by the worldwide police forces. A test of a certain ""new technology"" based on a face recognition system is underway there.\nMeanwhile, Conan and the Detective Boys visit Hachijo-jima at Sonoko's invitation and receive a phone call from Subaru Okiya (a graduate student in the Graduate School of Engineering at Tokyo Metropolitan University, who is an FBI agent Shuichi Akai and a black-robed organization's Rye) informing them that a Europol employee was murdered in Germany by the Black Organization's Jin.\nConan, who is disquieted, sneaks into the facility and finds that a female engineer has been kidnapped by the Black Organization...! Furthermore, a USB drive containing certain information in her possession ends up in the hands of the organization... A black shadow also creeps up on Ai Haibara (Detective Boys' Ai Haibara / Shiho Miyano / the Black Organization's Sherry),..(Source: Crunchyroll)",Movie,1,109,Finished,2023-04-14,2023-04-14,Spring,2023,1,2024-01-20
32,Case Closed: Captured In Her Eyes,"A series of murders have occured with police officers as victims. One of the officers is shot right in front of Ran's eyes, and the shock of the incident causes Ran to lose her memory of everyone and everything around her. Now Conan must help Ran regain her lost memories, while also protecting her from the murderer, who is targeting Ran for witnessing the crime.\n(Source: Anime News Network)",Movie,1,100,Finished,2000-04-22,2000-04-22,Spring,2000,1,2024-01-10
33,Case Closed: Conan and Heiji and the Vanished Boy,"Conan and Ran are visiting Heiji and Kazuha in Osaka but while they are touring around they come across a group of three kids that look like Ayumi, Mitsuhiko, and Genta. The group are looking for their missing friend and Conan agrees to help.(Source: Anime News Network)",OVA,1,25,Finished,2003-01-30,2003-01-30,Winter,2003,1,2024-01-30
34,Case Closed: Conan and Kid and Crystal Mother,"Kaito and Aoko are traveling on a train along with Aoko`s father, Inspector Nakamori, in attempts to help stop Kaitou KID from stealing a precious gem known as Crystal Mother. Little do Aoko and Inspector Nakamori know that Kaito is Kaitou KID and he will do whatever it takes to retrieve the gem. Unfortunately for Kaito, he is also being followed by Conan and a little boy named Philip who will do anything to stop him.(Source: Anime News Network)",OVA,1,25,Finished,2004-03-03,2004-03-03,Winter,2004,1,2024-01-30
35,Case Closed: Conan vs. Kid vs. Yaiba,Conan borrows a large amount of manga from Mitsuhiko and crazy things begin to happen around Beika City. Things aren't always the way they appear to be. A family asks Kogoro to help them protect a special sword in their dojo since Kaitou KID has sent word he's going to steal it. However Kaitou KID will have to steal the sword while Conan and Yaiba are after him.(Source: Anime News Network),OVA,1,24,Finished,2000-01-30,2000-01-30,Winter,2000,1,2024-01-30
36,Case Closed: Countdown to Heaven,"As a pair of towers in Tokyo are being prepared for their grand opening, there is a series of murders of people connected to the towers. Conan suspects that the mysterious Syndicate may also be involved.(Source: Anime News Network)",Movie,1,100,Finished,2001-04-21,2001-04-21,Spring,2001,1,2024-01-12
37,Case Closed: Crimson Love Letter,"A bombing case at Nichiuri TV in autumn. The Satsuki Cup, which crowns the winner of Japan's Ogura Hyakunin Isshu based competitive karuta tournament, is currently being filmed inside the facility. The incident results in a big commotion and, while the building is burning to ashes, the only people left inside are Heiji and Kazuha. They get rescued just in time by Conan, who rushes to the scene. Both the identity and motive of the bomber are unknown.\nWhile confusion takes over due to the explosion, Conan meets a mysterious beautiful girl who claims she is ""Heiji's fiancée"". Her name is Momiji Ooka and she is the Kyoto High School karuta champion. As fate would have it, Kazuha is going to face Momiji in the Hyakunin Isshu competition, so she begins to train with the help of Heiji's mother, Shizuka, who is a skilled karuta player.\nAt the same time, in a Japanese house in Arashiyama, Kyoto's outskirts, the reigning Satsuki Cup champion is murdered. Pictures of the crime scene reveal Momji's presence. Additionally, several karuta cards were spread around the victim.\nConan and Heiji, along with the Osaka and Kyoto police departments, begin their investigation on the Satsuki Cup and the related murder case. As the inquiry goes on, they come across a secret connected with the Hyakunin Isshu.",Movie,1,111,Finished,2017-04-15,2017-04-15,Spring,2017,1,2024-01-20
38,Case Closed: Crossroad in the Ancient Capital,"Mouri Kogoro is called to a special case in the ancient capital of Kyoto. There, Conan meets Heiji and they team up once again to solve the case, recover the stolen Healing Buddha statue, and even discover the identity of Heiji's first love.(Source: Anime News Network)",Movie,1,108,Finished,2003-04-19,2003-04-19,Spring,2003,1,2024-01-12
39,Case Closed: Full Score of Fear,"Serial murders involving all kinds have happened. All the victims are from a Music School led by a famous pianist. Conan and company have been invited to a opening concert of the Music Hall built by the pianist. The biggest attraction of this concert is the world famous violin called ""Stradivarius"" and a special appearance of a singer who has perfect pitch.(Source: Anime News Network)",Movie,1,116,Finished,2008-04-19,2008-04-19,Spring,2008,1,2024-01-18
40,Case Closed: Jolly Roger in the Deep Azure,"The Isle of Koumi, a beautiful island in the Pacific Ocean. On the island, people pass an old legend down from generation to generation that there was the Seabed Palace, an ancient ruin at the bottom of the sea, where the treasure of 2 female pirates, Anne Bonnie & Mary Reed (who really existed 300 years ago), was left. When Conan and his friends visit Koumi Island while on vacation, they meet some treasure hunters. There was something suspicious about them.(Source: Anime News Network)",Movie,1,105,Finished,2007-04-21,2007-04-21,Spring,2007,1,2024-01-18
41,Case Closed: Magician of the Silver Sky,"Kaito Kid strikes again in this new annual installment of the Detective Conan movies. An actress asked for Mouri Kogoro to protect a precious jewel of hers which Kid has vowed to steal. On the day of the theft, Kaito Kid dressed up as Shinichi and matched wits with Conan, and fled in the end. To thank them, the actress invited Kogoro and family and friends to Sapporo, but a bigger scheme, and a great emergency is just about to unravel high above the clouds in the plane that they're taking...(Source: Anime News Network)",Movie,1,108,Finished,2004-04-17,2004-04-17,Spring,2004,1,2024-01-12
42,Case Closed: Private Eye in the Distant Sea,"The movie is set on a state-of-the art Aegis vessel with the full cooperation of Japan's real-life Ministry of Defense and Maritime Self-Defense Force. The corpse of a Self-Defense Force member has been found — minus the left arm — and a spy has infiltrated the Aegis vessel. The heroine Ran is put in jeopardy, and Conan is forced to stand up against the dangerous Spy ""X.""(Source: Anime News Network)",Movie,1,101,Finished,2013-04-20,2013-04-20,Spring,2013,1,2024-01-18
43,Case Closed: Quarter of Silence,"The story begins with a threat against the Tokyo governor, but Conan's quick thinking prevents any fatalities when a subway tunnel is blown up. Conan learns there may be a connection to a village that was relocated for the construction of a dam, and he races to stop the criminal before the next attack.(Source: Anime News Network)",Movie,1,109,Finished,2011-04-16,2011-04-16,Spring,2011,1,2024-01-18
44,Case Closed: Requiem of the Deteectives,"After receiving a strange invitation, Kogorou Mouri pays a visit to the Miracle Land theme park along with his daughter Ran, Conan Edogawa, and the Detective Boys. Once there, Kogorou and Conan are tasked with finishing an unsolved case by a mysterious stranger. Realizing that the invitations were actually an elaborate trap, the two have just 12 hours to solve the case or face grave danger.\nWith the help of familiar faces like Heiji Hattori, Kaitou Kid, and even Saguru Hakuba, the group of detectives must unravel the web of clues surrounding the case in order to find the culprit and bring them to justice before it's too late.(Source: MAL Rewrite)",Movie,1,111,Finished,2006-04-15,2006-04-15,Spring,2006,1,2024-01-18
45,Case Closed: Strategy Above the Depths,"15 years ago, Daiichi Yachiyo Maru, a cargo ship, was crashed into a large iceberg in northern the Pacific Ocean, and sank. The captain and a crew were died.\nNow, in Nishitama, a ship designer of Yatsushiro Shipbuilder, which belonged to Yatsushiro Financial Combine, was suffered from a sudden heart attack while he was driving, and died in a traffic accident.\nSix months has passed since then. Conan, Ran, and Kogoro are enjoying their trip in the Aphrodite. The Aphrodite is a luxury liner, and it is sailing for the Pacific Ocean as its maiden voyage. However, there is a suspicious person, and finally a murder occurs.\nIt is the beginning of a horrible plot occurred in the ocean where there is no place to escape from.(Source: AnimeNfo)",Movie,1,110,Finished,2005-04-09,2005-04-09,Spring,2005,1,2024-01-18
46,Case Closed: Sunflowers of Inferno,"Conan tries to track down Kaito Kid, who supposedly steals a replica of one of Van Gogh's Sunflowers paintings during an auction.(Source: Anime News Network)",Movie,1,112,Finished,2015-04-18,2015-04-18,Spring,2015,1,2024-01-18
47,Case Closed: The Bride of Halloween,"The movie takes place in Shibuya on Halloween. At the Shibuya Hikarie building, a certain wedding ceremony is taking place, where Miwako Sato is in a wedding dress. Suddenly, an intruder bursts in, and Wataru Takagi is injured from protecting Miwako. At the same time, the serial bombing criminal from the incident three years ago that killed Jinpei Matsuda, whom Miwako was in love with, escapes. Is this really a coincidence?(Source: Anime News Network)",Movie,1,110,Finished,2022-04-15,2022-04-15,Spring,2022,1,2024-01-20
48,Case Closed: The Darkest Nightmare,"On a dark night, the Japanese police is raided by a spy. Different countries' intelligence agencies—such as England's MI6, Germany's BDN, and America's CIA—as well as the FBI's secret files are going to be taken, but public safety officers lead by Tooru Amuro arrive just in time. The spy steals a car and escapes. The spy and Amuro are then locked in a dead heat on the highway, and just as it is about to cause an accident with multiple cars, the spy's car is hit by FBI agent Shuichi Akai's rifle bullet and falls off the roadway.\nThe next day, Conan and his friends go to a newly-remodeled aquarium in Tokyo. Under the main attraction, a Ferris wheel, Conan finds an attractive woman alone and injured. Her left and right eyes are different colors.\nBut the woman is in a state of amnesia where she doesn't even remember her own name, and the cellphone she's carrying is broken. Conan and his friends promise to help her regain her memory, so they stay with her.\nThroughout all this, Vermouth is watching behind the scenes. Afterwards, she pulls out a silencer and speaks into an attached intercom, ""It's as planned, Gin.""(Source: Anime News Network)",Movie,1,112,Finished,2016-04-16,2016-04-16,Spring,2016,1,2024-01-20
49,Case Closed: The Eleventh Striker,"After an interaction with J-League professional players, Conan and co watches the big match between Tokyo Spirits and Gamba Osaka, only to find out that a bomb has been planted in the stadium. It is now up to Conan once again to foil the culprit's plans and reveal his/her true identity.(Source: Anime News Network)",Movie,1,110,Finished,2012-04-14,2012-04-14,Spring,2012,1,2024-01-18
50,Case Closed: The Fist of Blue Sapphire,"The world's greatest blue sapphire, the ""blue lapis fist"", said to have sunk in a pirate ship in the late 19th century, on the coasts of Singapore. A local millionaire plots to retrieve it, and when it's exhibited in an exhibition at the Singaporean Marina Sands hotel, a murder takes place. A bloody Kaitou Kid announcement card is found in the crime scene.",Movie,1,110,Finished,2019-04-12,2019-04-12,Spring,2019,1,2024-01-20
51,Case Closed: The Fourteenth Target,"Ran has a nightmare about her mother dying, but starts to remember what really happened involving herself, her mother, and her father from 10 years agp. Meanwhile, people are being injured by a certain culprit. Conan soon realizes that these people all have some kind of relation to Mouri,and that they all had a number in their name corresponding to a playing card and were being targeted in order, from the king down to the ace. The police soon decide that a murderous card dealer who just got out of jail and wanted revenger on Mouri is behind it. However, as injuries become murders and it is a race to predict who the next victims will be, Conan soon finds that the truth is something completely different, while learning from 10 years ago in the process.\n(Source: Anime News Network)",Movie,1,99,Finished,1998-04-18,1998-04-18,Spring,1998,1,2024-01-10
52,Case Closed: The Jet Black Chaser,"Kudou Shinichi is living his life as Edogawa Conan, but those days seem to might end pretty soon. The Black Syndicate is coming dangerously close to learning the truth about Shinichi having survived. Conan and everybody around him may end up dead if he doesn't manage to find Irish - a member of the Black Organisation who has infiltrated the police forces, currently investigating a big serial murders case.",Movie,1,111,Finished,2009-04-18,2009-04-18,Spring,2009,1,2024-01-18
53,Case Closed: The Last Wizard of the Century,"Kaitou Kid announces to the police that he intends to steal the Russian Imperial Easter Egg, which is currently being held in Osaka. As Conan pursues his rival, he discovers that there's more to this case then simply stopping a robbery.(Source: Anime News Network)",Movie,1,100,Finished,1999-04-17,1999-04-17,Spring,1999,1,2024-01-12
54,Case Closed: The Lost Ship in the Sky,"The fourteenth movies in the series, The Lost Ship in the Sky, will be released on April 17, 2010. In the film's story, Kid has his eyes set on the ""Lady of the Sky"" jewel aboard Bell 3, the largest airship in the world. However, a mysterious terrorist group called Red Shamu-neko [Red Siamese Cat] has hijacked the airship itself, along with Conan and his allies Kogoro and Ran.(Source: Anime News Network)",Movie,1,102,Finished,2010-04-17,2010-04-17,Spring,2010,1,2024-01-18
55,Case Closed: The Phantom of Baker Street,"Conan was invited to a party with many other guests. They were there to test a new virtual game system, when a murder mystery occured. Now Conan must go into the game system to figure out who the murderer is with the help of the famous book character Sherlock Holmes. The lives of 49 kids testing the game are in his hands.(Source: Anime News Network)",Movie,1,100,Finished,2002-04-20,2002-04-20,Spring,2002,1,2024-01-12
56,Case Closed: The Scarlet Bullet,"Japan is celebrating the upcoming World Sports Games (WSG), the world's largest sporting event, in Tokyo. The ""Japanese Bullet,"" the world's first vacuum-tube super-conducting linear train, is built with the latest Japanese technology and timed to coincide with the WSG opening ceremonies. The train is set to run from Shin Nagoya Station to Tokyo Station at up to 1,000 kilometers per hour (about 600 miles per hour). However, a bizarre incident occurs during a party held by famous major sponsors, leading to a string of kidnappings of top executives. Conan deduces a possible link to serial abductions in the WSG 15 years earlier in Boston.(Source: Anime News Network)",Movie,1,110,Finished,2021-04-16,2021-04-16,Spring,2021,1,2024-01-20
57,Case Closed: The Sniper from Another Dimension,"Shuichi Akai is targeted by a mysterious sniper and Masumi Sera is shot. Tokyo is in panic, citizens are taken in the shooting of a sniper. Nothing is known about him. Why was Sera targeted? Will Akai survive from this? Jodie Starling and Subaru Okiya are also in this one. Will Conan be able to find and apprehend the culprit?",Movie,1,110,Finished,2014-04-19,2014-04-19,Spring,2014,1,2024-01-18
58,Case Closed: The Stranger in 10 Years,"This OVA takes place ten years in the future and chronicles the possible events if Conan Edogawa and Ai Haibara do not take the antidote to APTX 4869 and grow up alongside their friends Genta, Mitsuhiko, and Ayumi, while still maintaining their detective endeavors.",OVA,1,30,Finished,2009-06-17,2009-06-17,Summer,2009,1,2024-01-30
59,Case Closed: The Time Bombed Skyscraper,"Taking the original story of Detective Conan, this first Conan film follows his adventure as he struggles to find and capture a mad bomber who's loose in his home town.  Chasing bomb after bomb. Conan must stop him before he destorys a skyscraper in the middle of the city, which has the potential to case millions of dollars in damage and kill hundreds. Who's planting the bombs? What are his motives? Gather clues with Conan and find out!",Movie,1,94,Finished,1997-04-19,1997-04-19,Spring,1997,1,2024-01-10
60,Case Closed: Zero the Enforcer,"There is a sudden explosion at Tokyo Summit's giant Edge of Ocean facility. The shadow of Touru Amuro, who works for the National Police Agency Security Bureau as Zero, appears at the site. In addition, the ""triple-face"" character known as Rei Furuya, a detective, and Kogorou Mouri's apprentice, is also known as Bourbon, a Black Organization member. Kogorou is arrested as a suspect in the case of the explosion. Conan conducts an investigation to prove Kogorou's innocence, but Amuro gets in his way.(Source: Anime News Network)",Movie,1,115,Finished,2018-04-14,2018-04-14,Spring,2018,1,2024-01-20
61,Chainsaw Man,"Denji is a teenage boy living with a Chainsaw Devil named Pochita. Due to the debt his father left behind, he has been living a rock-bottom life while repaying his debt by harvesting devil corpses with Pochita.\nOne day, Denji is betrayed and killed. As his consciousness fades, he makes a contract with Pochita and gets revived as ""Chainsaw Man"" — a man with a devil's heart.(Source: Crunchyroll)",TV,12,25,Finished,2022-10-12,2022-12-28,Fall,2022,23,2023-12-30
62,Crayon Shin-chan Movie 24: Bakusui! Yumemi World Dai Totsugeki,"A story set in the dream world, depicting the Kasukabe Defense Forces and the Nohara Family fighting against a nightmare trouble. One day the people in Kasukabe come to be able to have dreams they want in their sleep, after having a strange dream in which a giant fish swallows them. The people enjoy having their own distinctive dream in the dream world, but the world gradually changes into a nightmare world. Shinnosuke Nohara and Kasukabe Defense Forces members let Saki Nubatama, a girl who moves in Kasukabe, join the group, and they go into the dream world to explore the cause of the nightmare. (Source: Manabu Tsuribe)",Movie,1,96,Finished,2016-04-04,2016-04-04,Spring,2016,9,2023-12-30
63,Crayon Shin-chan: Action Mask vs. Leotard Devil,"By finding a rare Action Kamen card, Shinnosuke Nohara and his family end up being chosen to go to a parallel world and help foil an alien invasion that is occurring over there.

(Source: Anime News Network)",Movie,1,93,Finished,1993-07-24,1993-07-24,Summer,1993,9,2023-12-30
64,Crayon Shin-chan: Arashi wo Yobu Ougon no Spy Daisakusen,,Movie,1,108,Finished,2011-04-16,2011-04-16,Spring,2011,9,2023-12-30
65,Crayon Shin-chan: Arashi wo Yobu! Ora to Uchuu no Princess,,Movie,1,110,Finished,2012-04-14,2012-04-14,Spring,2012,9,2023-12-30
66,Crayon Shin-chan: Bakauma! B-Kyuu Gourmet Survival Battle!!,,Movie,1,96,Finished,2013-04-20,2013-04-20,Spring,2013,9,2023-12-30
67,Crayon Shin-chan: Chou Jikuu! Arashi wo Yobu Ora no Hanayome,"From a bleak future, Shinnosuke Nohara sends a girl named Tamiko on a mission to bring his five-year-old self to that time period right before being captured. Reaching the past, she claims to be Shin-chan's bride and takes him and his friends on a wild adventure to try to save the world to come.(Source: Anime News Network)",Movie,1,100,Finished,2010-04-17,2010-04-17,Spring,2010,9,2023-12-30
68,Crayon Shin-chan: Fierceness That Invites Storm! The Hero of Kinpoko,"A comical fantasy adventure on a fight against invaders from another world. The ruler of dark world ""Don Kurai,"" Dark, plots to dominate the human world. There is a legend about three treasures and a hero in Don Kurai, and Dark takes over one of the three treasures, a bell of copper, but a man sent other two treasures (a spear of gold and a shield of silver) to the human world. Shinnosuke falls into Dark's trap and opens the door between the human world and Don Kurai, but he becomes the hero selected by the spear of gold. With the power of a girl from Don Kurai, Mata Tami, the Nohara Family transform into various things and fight against Dark.

(Source: Bilibili TV)",Movie,1,93,Finished,2008-04-19,2008-04-19,Spring,2008,9,2023-12-30
69,Crayon Shin-chan: Fierceness That Invites Storm! Yakiniku Road of Honor,"A slapstick comedy going back to the basic, ""laughable"" style of the TV series. One day, the Nohara family was looking forward to having an ultra-rich yakiniku dinner, but they were put on the Wanted List on suspicion of heinous crimes because of a scheme of a mysterious organization named Sweet Boys. The Nohara family must run from Sweet Boys' pursuit but to eat yakiniku for dinner they need to stop escaping and decide to meet the boss of Sweet Boys, who is based in Atami (a hot spring/resort city in Shizuoka Prefecture).(Source: Bilibili TV)",Movie,1,90,Finished,2003-03-19,2003-03-19,Spring,2003,9,2023-12-30
70,Crayon Shin-chan: Gachinko! Gyakushuu no Robo Tou-chan,"Shinnosuke's father, Hiroshi, gets converted into a robot.",Movie,1,95,Finished,2014-04-19,2014-04-19,Spring,2014,9,2023-12-30
71,Crayon Shin-chan: Great Adventure in Henderland,"A modern horror style fantasy depicting a laughable adventure in Gunma Hender Land, the largest theme park in the north areas around Tokyo. Nohara family fight with Toppema Muppet (a talking doll from Magic World) against two gay 'witch' men Makao and Joma, who came from Another World and try to invade the Real World.(Source: Bilibili TV)",Movie,1,97,Finished,1996-04-19,1996-04-19,Spring,1996,9,2023-12-30
72,Crayon Shin-chan: Jungle That Invites Storm,The Nohara family is on a cruise heading towards a tropical island when suddenly the ship is invaded by a large group of monkeys. The simians capture all adults and take them to a nearby isle while leaving all children behind. It is up to Shin-chan and his friends to find and save the grown-ups.(Source: Anime News Network),Movie,1,90,Finished,2000-04-22,2000-04-22,Spring,2000,9,2023-12-30
73,Daily Lives of High School Boys,"Tadakuni, Hidenori, and Yoshitake are students at the all-boys academy, Sanada North High School. This is a tale about just that—their daily lives as students. Winning the basketball tournament? Finding true love? You won't find any of that here. Whether it's sparking random arguments while hanging out with friends, meeting that one weird co-worker at a part-time job, or even letting imaginations run wild on a windy afternoon, we've all experienced the show's ordinary but true-to-life themes at one point or another.(Source: NIS America)",TV,12,24,Finished,2012-01-10,2012-03-27,Winter,2012,3,2024-01-12
74,Death Note,"Light Yagami is a genius high school student who is about to learn about life through a book of death. When a bored shinigami, a God of Death, named Ryuk drops a black notepad called a Death Note, Light receives power over life and death with the stroke of a pen. Determined to use this dark gift for the best, Light sets out to rid the world of evil… namely, the people he believes to be evil. Should anyone hold such power?\nThe consequences of Light’s actions will set the world ablaze.(Source: Viz Media)",TV,37,23,Finished,2006-10-4,2007-06-27,Fall,2006,4,2024-01-12
75,"Don't Toy With Me, Miss Nagatoro 2nd Attack","The second season of Ijiranaide, Nagatoro-san.\nMiss Nagatoro is back for even more antics Senpai in her next round of shenanigans!\n(Source: Crunchyroll)",Movie,12,24,Finished,2023-01-08,2023-03-19,Winter,2023,15,2024-01-10
76,Doraemon,"Nobi Nobita is a 4th-grade boy in Tokyo. One day, a round, blue cat-style robot (minus ears) pops up in his desk drawer. Nobita's great-great-grandson (or something) lives in the 22nd Century, but thanks to Nobita's mistakes, the entire family is living in poverty. To rectify this, Nobita's descendent is sent Doraemon back to the past, to help prevent Nobita from making mistakes. Of course this is a difficult task since Nobita is the weakest and least intelligent child in his class. Doraemon does, however, have a 4-dimensional pocket on his front, which contains cool gadgets from the future. With these toys, Doraemon will try to help Nobita. Unfortunately, Nobita also has the bad habit of misusing Doraemon's gadgets and landing himself in yet more trouble?(Source: AnimeNfo)",TV,1787,11,Finished,1979-02-04,2005-03-18,Winter,1979,9,2023-12-30
77,Dragon Ball Super,"After 18 years, we have the newest Dragon Ball story from creator Akira Toriyama. With Majin Buu defeated, Goku has taken a completely new role as...a radish farmer?! With Earth at peace, our heroes have settled into normal lives. But they can’t get too comfortable. Far away, the powerful God of Destruction, Beerus, awakens to a prophecy revealing his demise at the hands of an even more formidable being. When his search for the Saiyan God brings him to Earth, can Goku and his friends take on their strongest foe yet?\n(Source: Crunchyroll)",TV,131,24,Finished,2015-07-05,2018-03-25,Summer,2015,2,2024-01-10
78,Dragon Ball Super: Broly,"Earth is at peace after The Tournament of Power but Goku continues to train, knowing there are ever-stronger forces in the universe. With the arrival of a Saiyan warrior named Broly, Goku and Vegeta face their most dangerous challenge yet. The film also chronicles the history of the Saiyans and the background story of these three Saiyans with different destinies connected to the turbulent period of their now extinct race.",Movie,1,100,Finished,2018-12-14,2018-12-14,Fall,2018,2,2024-01-10
79,Dragon Ball Super: Super Hero,"The Red Ribbon Army was once destroyed by Son Goku. Individuals, who carry on its spirit, have created the ultimate Androids, Gamma 1 and Gamma 2. These two Androids call themselves ""Super Heroes"". They start attacking Piccolo and Gohan…What is the New Red Ribbon Army's objective? In the face of approaching danger, it is time to awaken, Super Hero!\n(Source: Crunchyroll)",Movie,1,99,Finished,2022-06-11,2022-06-11,Spring,2022,2,2024-01-10
80,Gintama,"Life isn't easy in feudal Japan... especially since the aliens landed and conquered everything! Oh sure, the new health care is great, but the public ban on the use of swords has left a lot of defeated samurai with a difficult decision to make concerning their future career paths! This is especially true if, as in the case of Gintoki Sakata, they're not particularly inclined towards holding a day job, which is why Gintoki's opted for the freelance route, taking any job that's offered to him as long as the financial remuneration sounds right. Unfortunately, in a brave new world filled with stray bug-eyed monsters, upwardly mobile Yakuza and overly ambitious E.T. entrepreneurs, those jobs usually don't pay as well as they should for the pain, suffering and indignities endured!(Source: Sentai Filmworks)",TV,201,25,Finished,2006-04-04,2010-03-25,Spring,2006,3,2024-01-12
81,Jujutsu Kaisen,"Just where do ""Curses,"" the fiendish spirits invisible to normal humans, come from? What is Sukuna Ryoumen, whose very existence grips the ""Jujutsu"" world in fear? And who exactly is Yuuji Itadori, the boy who recently became the center of attention in Jujutsu society? No need to fear, for Satoru Gojou, the strongest Jujutsu sorcerer, has the answers! From the new sorcerers in training to the enemies they face, Gojou provides all you need to know about Jujutsu and the inner workings of the institution who protect us from Curses: the Tokyo Jujutsu High School.",TV,24,23,Finished,2020-10-03,2021-03-27,Fall,2020,23,2023-12-25
82,Jujutsu Kaisen 0 Movie,"Yuta Okkotsu is a nervous high school student who is suffering from a serious problem—his childhood friend Rika has turned into a curse and won\'t leave him alone. Since Rika is no ordinary curse, his plight is noticed by Satoru Gojo, a teacher at Jujutsu High, a school where fledgling exorcists learn how to combat curses. Gojo convinces Yuta to enroll, but can he learn enough in time to confront the curse that haunts him?(Source: Viz Media)",Movie,1,105,Finished,2021-12-24,2021-12-24,Fall,2021,23,2023-12-25
83,Jujutsu Kaisen Season 2,"The second season of Jujutsu Kaisen.\nThe past comes to light when second-year students Satoru Gojou and Suguru Getou are tasked with escorting young Riko Amanai to Master Tengen. But when a non-sorcerer user tries to kill them, their mission to protect the Star Plasma Vessel threatens to turn them into bitter enemies and cement their destinies—one as the world\'s strongest sorcerer, and the other its most twisted curse user!\n(Source: Crunchyroll)",TV,23,24,Finished,2023-07-06,2023-12-28,Summer,2023,23,2023-12-23
84,Meitantei Conan: Kieta Daiya wo Oe! Conan & Heiji vs Kid!,"One day Mori Kogoro's private dective agency receives a blackmail call. It turns out that the caller has dialed the wrong number. Conan is able to identify the voice on the phone, it's similar to that of his old friend Heiji, who's also a high school detective but in Osaka. They join once again forces to solve the case and find the jewel which was stolen.\nBut they are not the only ones who are after the jewel. The notorious master thief Kaitou Kid has taken an interest in this piece, which is worth 100,000 Yen, as well and now it's up to Heiji and Conan to be the first to find the culprit and acquire the jewel.",OVA,1,23,Finished,2006-03-15,2006-03-15,Winter,2006,1,2024-01-30
85,One Piece,"Gold Roger was known as the Pirate King, the strongest and most infamous being to have sailed the Grand Line. The capture and death of Roger by the World Government brought a change throughout the world. His last words before his death revealed the location of the greatest treasure in the world, One Piece. It was this revelation that brought about the Grand Age of Pirates, men who dreamed of finding One Piece (which promises an unlimited amount of riches and fame), and quite possibly the most coveted of titles for the person who found it, the title of the Pirate King.\nEnter Monkey D. Luffy, a 17-year-old boy that defies your standard definition of a pirate. Rather than the popular persona of a wicked, hardened, toothless pirate who ransacks villages for fun, Luffy\'s reason for being a pirate is one of pure wonder; the thought of an exciting adventure and meeting new and intriguing people, along with finding One Piece, are his reasons of becoming a pirate. Following in the footsteps of his childhood hero, Luffy and his crew travel across the Grand Line, experiencing crazy adventures, unveiling dark mysteries and battling strong enemies, all in order to reach One Piece.",TV,1090,24,Releasing,1999-10-20,,Fall,1999,2,2023-12-23
86,One Piece Film: Red,"An almighty voice. With fiery red locks.\nThe story takes place on an island where Uta, the world\'s favorite diva, performs for the first time in public. Uta\'s singing voice, which she sings with while concealing her true identity, has been described as ""otherworldly,"" and while the venue is filled with the Straw Hats led by Luffy, pirates, navy, and fans from all over the world who have come to enjoy her voice, Uta\'s voice is heard in a new light. The curtain rises on the story with the shocking revelation that she is ""Shanks\' daughter!""(Source: ONE PIECE FILM RED Website)",Movie,1,115,Finished,2022-08-06,2022-08-06,Summer,2022,2,2023-12-25
87,One Piece: Django's Dance Carnival,"Luffy and his crew are on Mirror Ball Island during a dance carnival. They are spotted by Marines just as Jango the hypnotist is running from them. Luffy and the others are caught up in the dance carnival as Jango, in his desperate attempt to escape, hypnotizes the entire island to dance the night away.\n(Source: Anime News Network)",Special,1,6,Finished,2001-03-03,2001-03-03,Spring,2001,2,2024-01-10
88,One Piece: Heart of Gold,"The Straw Hat Pirates meet Olga, a girl who has escaped the island Alchemi. Alchemi was known for its metal production, and for the creation of the extremely valuable Pure Gold, but the island disappeared two hundred years ago. Olga is now being pursued by Marines, interested in Pure Gold. Gildo Tesoro, who controls the Navy HQ and black market, hears of Olga and hires treasure hunter Mad Treasure to track her down. The Straw Hats join forces with Olga in search of the Pure Gold, while she plots to takes advantage of them and use the treasure to become rich herself.",Special,1,104,Finished,2016-07-16,2016-07-16,Summer,2016,2,2024-01-10
89,One Punch Man,"Saitama has a rather peculiar hobby, being a superhero, but despite his heroic deeds and superhuman abilities, a shadow looms over his life. He's become much too powerful, to the point that every opponent ends up defeated with a single punch.\nThe lack of challenge has driven him into a state of apathy, as he watches his life pass by having lost all enthusiasm, at least until he's unwillingly thrust in the role of being a mentor to the young and revenge-driven Genos.",TV,12,24,Finished,2015-10-05,2015-12-21,Fall,2015,4,2024-01-12
90,One Punch Man OVA,"Specials included in the DVD/BD volumes of the anime. They feature original stories written by the series' mangaka, ONE\nThe first special is titled ""Shinobiyori-sugiru Kage"" and takes place after Saitama's fight with Mosquito Girl, and it follows Genos as he is persistently and suspiciously prowling after Saitama trying to find out the secret of his strength. Additionally, a mysterious person appears who has a ""certain reason"" to hold a grudge against Saitama.\n2: Hanashibeta-sugiru Deishi\n3: Kojire-sugiru Ninja\n4: Gouin-sugiru Bang\n5: Iroiro Ari-sugiru Kyoudai\n6: Fukanou-sugiru Satsujin Jiken",OVA,6,13,Finished,2015-12-24,2016-05-27,Winter,2016,4,2024-01-12
91,Shin Chan,"Crayon Shin-chan follows the wacky antics and adventures of five-year-old Shinnosuke ""Shin"" Nohara and his parents, neighbors, and friends and is set in Kasukabe, Saitama Prefecture, Japan.\nMany of the jokes in the series stem from Shin-chan's occasionally weird, unnatural and inappropriate use of language, as well as from his inappropriate behavior. A typical gag involves Shin-chan confounding his parents by using the wrong phrase for the occasion; for example, saying ""Welcome back!"" instead of ""I am back!"" when he comes home.\nDuring the beginning of the series, the TV show was mostly based on the storyline in the original manga. As the show progressed, more and more episodes became anime-original.",TV,1214,21,Releasing,1992-04-13,,Spring,1992,9,2023-12-30
92,Sore Ike! Anpanman,"One night, a Star of Life falls down the chimney of a bakery nestled deep in the forest, causing the dough in the oven to come to life. The dough becomes Anpanman, a superhero made of anpan (a sweet roll with bean jam filling). Together with his friends, Anpanman fights his rival Baikinman and helps the malnourished.(Source: Anime News Network)",TV,1651,24,Releasing,1988-10-03,,Fall,1988,1,2024-01-30
93,Spy x Family,"Everyone has a part of themselves they cannot show to anyone else.\nAt a time when all nations of the world were involved in a fierce war of information happening behind closed doors, Ostania and Westalis had been in a state of cold war against one another for decades. The Westalis Intelligence Services\' Eastern-Focused Division (WISE) sends their most talented spy, ""Twilight,"" on a top-secret mission to investigate the movements of Donovan Desmond, the chairman of Ostania\'s National Unity Party, who is threatening peace efforts between the two nations.\nThis mission is known as ""Operation Strix."" It consists of ""putting together a family in one week in order to infiltrate social gatherings organized by the elite school that Desmond\'s son attends.""\n""Twilight"" takes on the identity of psychiatrist Loid Forger and starts looking for family members. But Anya, the daughter he adopts, turns out to have the ability to read people\'s minds, while his wife, Yor, is an assassin! With it being in each of their own interests to keep these facts hidden, they start living together while concealing their true identities from one another.\nWorld peace is now in the hands of this brand-new family as they embark on an adventure full of surprises.(Source: Crunchyroll)",TV,12,24,Finished,2022-04-09,2022-06-25,Spring,2022,25,2023-12-25
94,Spy x Family Part 2,"The second half of SPYxFAMILY.\nWith Anya Forger successfully enrolled at the renowned Eden Academy, Operation Strix advances to its second phase. To investigate Ostanian politician Donovan Desmond, Anya must either befriend his son Damian or collect eight Stella Stars to become an Imperial Scholar. Fortunately, Anya has already acquired her first star. In celebration, her adoptive father, Loid, decides to fulfill her wish to adopt a dog.\nDuring their canine search, Loid receives new orders from his superiors, who have found that a band of Berlint University students is plotting to assassinate Westalis\' Minister Brantz using bombs worn by trained dogs. While Loid tries to stop their plans, Anya stumbles upon the terrorists\' base of operations. There, she befriends a kindhearted, clairvoyant dog who the family later names Bond.\nAlthough the Forgers continue to lead their individual lives in secrecy, the family—with a new fluffy addition—remains united through all of the unusual obstacles thrown their way.(Source: MAL Rewrite)",TV,13,24,Finished,2022-10-01,2022-12-24,Fall,2022,25,2023-12-25
95,Spy x Family Season 2,The second season of SPY×FAMILY.\nThe Forger family will face a new familial mission as Yor heads on a cruise ship expedition!\n(Source: Crunchyroll News),TV,12,24,Finished,2023-10-07,2023-12-23,Fall,2023,25,2023-12-23
96,Tokyo Ghoul,"The suspense horror/dark fantasy story is set in Tokyo, which is haunted by mysterious ""ghouls"" who are devouring humans. People are gripped by the fear of these ghouls whose identities are masked in mystery. An ordinary college student named Kaneki encounters Rize, a girl who is an avid reader like him, at the café he frequents. Little does he realize that his fate will change overnight.(Source: Anime News Network)",TV,12,24,Finished,2014-07-04,2014-09-19,Summer,2014,27,2023-12-23
97,Tokyo Revengers,"Takemichi Hanagaki is a freelancer that\'s reached the absolute pits of despair in his life. He finds out that the only girlfriend he ever had in his life that he dated in middle school, Hinata Tachibana, had been killed by the ruthless Tokyo Manji Gang.\nThe day after hearing about her death, he\'s standing on the station platform and ends up being pushed over onto the tracks by a herd of people. He closes his eyes thinking he\'s about to die, but when he opens his eyes back up, he somehow had gone back in time 12 years.\nNow that he\'s back living the best days of his life, Takemichi decides to get revenge on his life by saving his girlfriend and changing himself that he\'d been running away from.(Source: Crunchyroll)",TV,24,24,Finished,2021-04-11,2021-09-19,Spring,2021,24,2023-12-25
98,Tokyo Revengers: Seiya Kessen-hen,"Despite his best time-leaping efforts, Takemichi Hanagaki continuously fails to prevent the present-day death of Hinata Tachibana, his adolescent love. The adult Takemichi grapples with grief and the ramifications of the Tokyo Manji gang\'s criminal empire—an unintended product of his timeline meddling. Though the gang once operated under the idealistic Manjirou ""Mikey"" Sano, it has now been taken over by the malicious Tetta Kisaki and, as a result, has abandoned its original optimistic intent.\nDespite feeling hopeless, Takemichi travels to the past once again to investigate Black Dragon, a rival motorcycle gang whose actions ultimately lead to Hinata\'s demise. There, he meets the young Hakkai Shiba, a fellow gang member whose older brother, Taiju, tyrannically rules Black Dragon.\nTakemichi, with Chifuyu on his side, works to unravel the fates of Black Dragon\'s members, fighting to create a happy future for his loved ones.(Source: MAL Rewrite, edited)",TV,13,24,Finished,2023-01-08,2023-04-02,Winter,2023,24,2023-12-25
99,Tokyo Revengers: Tenjiku-hen,"Adaptation of the Tenjiku Arc.\nWith a future where Toman has been destroyed by Mikey's twisted ideas and Takemichi returning to the past, he decides to become stronger in order to stop Kisaki's plans. On one side, a mysterious gang from Yokohama known as Tenjiku begins to overthrow all the Toman divisions, deciding to destroy all the gangs in Japan, becoming the most powerful and unique.\nKisaki has been planning something for his purposes against Toman, now that he is banned.",TV,13,24,Finished,2023-10-04,2023-12-27,Fall,2023,24,2023-12-23
100,Zom 100: Bucket List of the Dead,"Surviving a zombie apocalypse beats being a wage slave any day! After spending years slaving away for a soul-crushing company, Akira's life has lost its luster. He lives in a trash-filled apartment, his pay is abysmal, and he can't even muster up the nerve to confess his love to his beautiful co-worker. But when a zombie apocalypse ravages his town, it gives him the push he needs to live for himself. Now Akira's on a mission to complete all 100 items on his bucket list before he...well, kicks the bucket.\n(Source: Viz Media)",TV,12,24,Finished,2023-07-09,2023-12-26,Summer,2023,23,2023-12-23
101,Case Closed: Kid in Trap Island,"In this entirely new story produced specifically for the DVD, Conan leads a group of young detectives against the phantom thief Kaitou Kid, who has his eyes set on a jewel at a hotel on an isolated island.(Source: Anime News Network)",OVA,1,24,Finished,2010-04-14,2010-04-14,Spring,2010,1,2024-01-31
102,Magic Kaito,"Kaito Kuroba, a normal teenage student whose father is often absent for vaguely defined reasons. When his father dies under mysterious circumstances, he is made aware of his father's secret identity; a famous international criminal known as International Criminal 1412: the Phantom Thief, and that he was murdered by a mysterious organization for refusing to aid them in retrieving the ""Pandora Gem""; a mystical stone said to shed a ""tear"" during the passing of a particular comet, the consumption of which bestows immortality. He vows to prevent the organization from gaining immortality, and assumes his father's identity as he begins his quest for the gem. His only clues as to the gem's location are that it glows red under the full moon and that it is a doublet: a gem hidden within a larger gem. Thus, it would have to be a relatively large one with a bizarre history, and always stored in a place that never receives moonlight. He thus researches and steals famous priceless gems with odd histories from incredibly well-defended areas, and always returns them after the very next full moon.",Special,12,23,Finished,2010-04-17,2012-12-29,Spring,2010,1,2024-01-31
103,Bakugan: Gundalian Invaders,"Dan, Marucho, and Shun get caught up in a war between two different alien factions in another universe, and teaming up with three new brawlers: the Neathian, Fabia, the new human, Jake, and the Gundalian, Ren, in order to stop the evil Gundalian Protectors, the Twelve Orders from destroying Neathia, and possibly, Earth. They meet these people by them entering through the virtual reality Bakugan Interspace. The stakes are high! Will the Battle Brawlers triumph, saving the Bakugan once more?(Source: Bakugan Wikia)",TV,29,24,Finished,2010-05-23,2011-01-29,Spring,2010,1,2024-01-31
104,Bakugan: Mechtanium Surge,"The strength of the Bakugan Battle Brawlers is shaken to the core with the threat of losing Dan's leadership! At the same time, a new insidious enemy infiltrated Bakugan Interspace shattering the loyalties of the brawlers and their ardent fans.",TV,46,24,Finished,2011-02-13,2012-01-26,Winter,2011,1,2024-01-31
105,Detective Conan vs. Wooo,"A web series ""Detective Conan vs. Wooo."" This web short is an advertisement for the Wooo line of televisions in Japan.",ONA,2,6,Finished,2011-04-22,2011-06-23,Spring,2011,1,2024-01-31
106,Case Closed: A Secret Order from London,"A Secret Order from London is the eleventh OVA of the anime and manga franchise Detective Conan. The plot revolves about Ai Haibara spending her time with Ayumi while Conan and company travel to London, only to be beset by a group of sinister-looking persons.",OVA,1,25,Finished,2011-05-30,2011-05-30,Spring,2011,1,2024-01-31
107,Case Closed Magic File 6: Fantasista Flower,"""Fantasista Flower"" is a side-story OVA related to The Eleventh Striker.",OVA,1,25,Finished,2012-04-14,2012-04-14,Spring,2012,1,2024-01-31
108,Case Closed: The Miracle of Excalibur,"The Miracle of Excalibur is the twelfth OVA of the anime and manga franchise Detective Conan. The plot is based on Gosho Aoyama's short story ""Excalibur"".",OVA,1,29,Finished,2012-05-24,2012-05-24,Spring,2012,1,2024-01-31
109,Lupin the 3rd Vs. Detective Conan: The Movie,"They say it takes a thief to catch a thief, but the world's greatest detective begs to differ! In this sequel to the crossover special, Lupin III once again faces off against the tiny genius Conan Edogawa, and the stakes have never been higher. An unknown enemy has kidnapped Fujiko, and the only way for Lupin to save her is by stealing a certain jewel. Meanwhile, Fujiko isn't the only one in danger, as a popular Italian singer receives a note that promises to take his life. It's up to Conan Edogawa to get to the bottom of the mystery, but these two tales have more in common than it might seem! Who is really playing who, and who will come out ahead of the game?(Source: Discotek Media)",Movie,1,110,Finished,2013-12-07,2013-12-07,Fall,2013,1,2024-01-31
110,Case Closed: The Fugitive Kogorou Mouri,"File 594 that was never animated. To celebrate Detective Conan Movie 18 premiere, it was animated and streamed on NOTTV. This is where Kogorou Mouri is the fugitive.",ONA,1,22,Finished,2014-04-30,2014-04-30,Spring,2014,1,2024-01-31
111,The Disappearance of Conan Edogawa: The Worst Two Days in History,"It's been announced that a new Detective Conan anime special project is launching. The ""astonishing collaboration"" is titled ""Edogawa Conan Shissou Jiken: Shijou Saiaku no Futsukakan"" (The Disappearance of Conan Edogawa: The Worst Two Days in History).\nThe anime special will celebrate the 20th anniversary of Gosho Aoyama's original manga, and it will recount a previously untold story from Conan's past.(Source: Anime News Network)",Special,1,91,Finished,2014-12-26,2014-12-26,Fall,2014,1,2024-01-31
112,"Case Closed: Happy New Year, Kogoro Mouri","Special episode consisting of two short stories. The first being an expanded version of Detective Conan: The Fugitive Kogorou Mouri, which was never aired on TV till now. The second half being a brand new New Years Day segment. (Source: MAL)",Special,1,25,Finished,2015-01-03,2015-01-03,Winter,2015,1,2024-01-31
113,Case Closed: Episode One - The Great Detective Turned Small,A special commemorating the 20th anniversary of the anime series. The special is a retelling of how Kudo Shinichi was transformed into a child.(Source: Anime News Network),Special,1,95,Finished,2016-12-09,2016-12-09,Fall,2016,1,2024-01-31
114,Dr. Stone,"After five years of harboring unspoken feelings, high-schooler Taiju Ooki is finally ready to confess his love to Yuzuriha Ogawa. Just when Taiju begins his confession however, a blinding green light strikes the Earth and petrifies mankind around the world— turning every single human into stone.\nSeveral millennia later, Taiju awakens to find the modern world completely nonexistent, as nature has flourished in the years humanity stood still. Among a stone world of statues, Taiju encounters one other living human: his science-loving friend Senkuu, who has been active for a few months. Taiju learns that Senkuu has developed a grand scheme—to launch the complete revival of civilization with science. Taiju's brawn and Senkuu's brains combine to forge a formidable partnership, and they soon uncover a method to revive those petrified.\nHowever, Senkuu's master plan is threatened when his ideologies are challenged by those who awaken. All the while, the reason for mankind's petrification remains unknown.(Source: MAL Rewrite)",TV,24,24,Finished,2019-07-05,2019-12-13,Summer,2019,1,2024-01-31
115,Dr. Stone: Stone Wars,"The second season of Dr. STONE\nArmed with the power of science and a genius intellect, Senku is determined to save humanity. However, Tsukasa’s empire goes on the offensive to halt the progress of science. Bolder choices are made as these two start a war that rocks the Stone World.(Source: Crunchyroll)",TV,11,24,Finished,2021-01-14,2021-03-25,Winter,2021,1,2024-01-31
116,Meitantei Conan: Hiiro no Fuzai Shoumei,"The Akai family, is a dangerous family shrouded in mystery, with members of the family entangled in various intrigues. Centering around Shuuichi Akai, who was thought to be dead at the Raiha pass, this movie gets up-close with the personalities and perspectives of Masumi Sera, Shukichi Haneda, and Mary, which have been revealed in bits and pieces so far, and unravels their relationship.\nThe climax of the ""Scarlet"" series ends with the splendid come-back of Shuuichi Akai at the Raiha pass. A prologue to a certain incident shows that Toru Amuro aka Bourbon, Shuuichi Akai's rival, gets ""clues"" from the FBI. Toru Amuro intensively investigates the relationship between Shuuichi Akai and Subaru Okiya. Akai's return at the end of the unparalleled battle between wits and intellect has shocked all viewers. To add to that, the truth behind the ""Alibi play"" series reveals that Conan played a part in it. The Akai family is an integral part of the ""Detective Conan"" series. This compilation will thoroughly dissect the clues, foreshadowing, and the family's relationship with Conan seen so far in the series. This is a must-watch for those who want to understand the mysterious Akai family. This compilation focusing on one illicit family features new narration by Conan and edited audio and presents the [Dangerous family that has shot through the world] with its clear story line.(Source: TMS Entertainment)",Movie,1,94,Finished,2021-02-11,2021-02-11,Winter,2021,1,2024-01-31
117,Detective Conan: The Culprit Hanzawa,"A town of crime, Beika Town. A mysterious Dark Shadow descends onto this town that ranks among the highest crime rates in the world. His (or her?) goal is to kill a “certain man.” That key player in Detective Conan is now a protagonist! Clad in tights and possessing a pure intellect, this person’s name is… the (pseudonymous) Culprit Hanzawa!(Source: Netflix)",TV Short,12,10,Finished,2022-10-04,2022-12-20,Fall,2022,1,2024-01-31
118,Case Closed: Zero's Tea Time,"A detective who's also a public security agent and a member of a shadowy organization juggles his triple identities in this ""Detective Conan"" spinoff.(Source: Netflix)",ONA,6,15,Finished,2022-04-05,2022-05-10,Spring,2022,1,2024-01-31
119,Meitantei Conan: Haibara Ai Monogatari - Kurogane no Mystery Train,"The movie will focus on Ai Haibara's past and will reconstruct the Mystery Train arc from the television anime, which shows Haibara and Conan meeting for the first time. The movie will also include scenes from the Kurogane no Submarine (Black Iron Submarine) film.",Movie,1,90,Finished,2023-01-06,2023-01-06,Winter,2023,1,2024-01-31
120,Meitantei Conan: Keisatsu Gakkou-hen - Wild Police Story Case. Furuya Rei,"Rei Furuya, Jinpei Matsuda, Hiromitsu Morofushi, Wataru Date and Kenji Hagiwara are now graduated from the police academy.
Note:
- This episode is the fifth and final episode of the Keisatsu Gakkou-hen - Wild Police Story arc.
- It was supposed to be episode 1077 in its parent story Meitantei Conan",Special,1,25,Finished,2023-03-11,2023-03-11,Winter,2023,1,2024-01-31
121,Undead Unluck,"All Fuuko wants is a passionate romance like the one in her favorite shoujo manga. Unfortunately, her Unluck ability makes that impossible. But just as Fuuko hits rock bottom, Andy sweeps her off her feet—literally! Now she's become Andy's unwilling test subject as he works to find a way to trigger a stroke of Unluck big enough to kill him for good. However, when the pair discovers a secret organization is hunting them, it puts Andy's burial plans on hold.(Source: Viz Media)",TV,24,24,Releasing,2023-10-07,,Fall,2023,,2024-01-31
122,Meitantei Conan: 100-man Dol no Michishirube,,Movie,1,,Not Yet Released,2024-04-12,2024-04-12,Spring,2024,1,2024-01-31